1,cigar,2021-06-19,0,
2,rebut,2021-06-20,1,
3,sissy,2021-06-21,2,
4,humph,2021-06-22,3,
5,awake,2021-06-23,4,
6,blush,2021-06-24,5,
7,focal,2021-06-25,6,
8,evade,2021-06-26,7,
9,naval,2021-06-27,8,
10,serve,2021-06-28,9,
11,heath,2021-06-29,10,
12,dwarf,2021-06-30,11,
13,model,2021-07-01,12,
14,karma,2021-07-02,13,
15,stink,2021-07-03,14,
16,grade,2021-07-04,15,
17,quiet,2021-07-05,16,
18,bench,2021-07-06,17,
19,abate,2021-07-07,18,
20,feign,2021-07-08,19,
21,major,2021-07-09,20,
22,death,2021-07-10,21,
23,fresh,2021-07-11,22,
24,crust,2021-07-12,23,
25,stool,2021-07-13,24,
26,colon,2021-07-14,25,
27,abase,2021-07-15,26,
28,marry,2021-07-16,27,
29,react,2021-07-17,28,
30,batty,2021-07-18,29,
31,pride,2021-07-19,30,
32,floss,2021-07-20,31,
33,helix,2021-07-21,32,
34,croak,2021-07-22,33,
35,staff,2021-07-23,34,
36,paper,2021-07-24,35,
37,unfed,2021-07-25,36,
38,whelp,2021-07-26,37,
39,trawl,2021-07-27,38,
40,outdo,2021-07-28,39,
41,adobe,2021-07-29,40,
42,crazy,2021-07-30,41,
43,sower,2021-07-31,42,
44,repay,2021-08-01,43,
45,digit,2021-08-02,44,
46,crate,2021-08-03,45,
47,cluck,2021-08-04,46,
48,spike,2021-08-05,47,
49,mimic,2021-08-06,48,
50,pound,2021-08-07,49,
51,maxim,2021-08-08,50,
52,linen,2021-08-09,51,
53,unmet,2021-08-10,52,
54,flesh,2021-08-11,53,
55,booby,2021-08-12,54,
56,forth,2021-08-13,55,
57,first,2021-08-14,56,
58,stand,2021-08-15,57,
59,belly,2021-08-16,58,
60,ivory,2021-08-17,59,
61,seedy,2021-08-18,60,
62,print,2021-08-19,61,
63,yearn,2021-08-20,62,
64,drain,2021-08-21,63,
65,bribe,2021-08-22,64,
66,stout,2021-08-23,65,
67,panel,2021-08-24,66,
68,crass,2021-08-25,67,
69,flume,2021-08-26,68,
70,offal,2021-08-27,69,
71,agree,2021-08-28,70,
72,error,2021-08-29,71,
73,swirl,2021-08-30,72,
74,argue,2021-08-31,73,
75,bleed,2021-09-01,74,
76,delta,2021-09-02,75,
77,flick,2021-09-03,76,
78,totem,2021-09-04,77,
79,wooer,2021-09-05,78,
80,front,2021-09-06,79,
81,shrub,2021-09-07,80,
82,parry,2021-09-08,81,
83,biome,2021-09-09,82,
84,lapel,2021-09-10,83,
85,start,2021-09-11,84,
86,greet,2021-09-12,85,
87,goner,2021-09-13,86,
88,golem,2021-09-14,87,
89,lusty,2021-09-15,88,
90,loopy,2021-09-16,89,
91,round,2021-09-17,90,
92,audit,2021-09-18,91,
93,lying,2021-09-19,92,
94,gamma,2021-09-20,93,
95,labor,2021-09-21,94,
96,islet,2021-09-22,95,
97,civic,2021-09-23,96,
98,forge,2021-09-24,97,
99,corny,2021-09-25,98,
100,moult,2021-09-26,99,
101,basic,2021-09-27,100,
102,salad,2021-09-28,101,
103,agate,2021-09-29,102,
104,spicy,2021-09-30,103,
105,spray,2021-10-01,104,
106,essay,2021-10-02,105,
107,fjord,2021-10-03,106,
108,spend,2021-10-04,107,
109,kebab,2021-10-05,108,
110,guild,2021-10-06,109,
111,aback,2021-10-07,110,
112,motor,2021-10-08,111,
113,alone,2021-10-09,112,
114,hatch,2021-10-10,113,
115,hyper,2021-10-11,114,
116,thumb,2021-10-12,115,
117,dowry,2021-10-13,116,
118,ought,2021-10-14,117,
119,belch,2021-10-15,118,
120,dutch,2021-10-16,119,
121,pilot,2021-10-17,120,
122,tweed,2021-10-18,121,
123,comet,2021-10-19,122,
124,jaunt,2021-10-20,123,
125,enema,2021-10-21,124,
126,steed,2021-10-22,125,
127,abyss,2021-10-23,126,
128,growl,2021-10-24,127,
129,fling,2021-10-25,128,
130,dozen,2021-10-26,129,
131,boozy,2021-10-27,130,
132,erode,2021-10-28,131,
133,world,2021-10-29,132,
134,gouge,2021-10-30,133,
135,click,2021-10-31,134,
136,briar,2021-11-01,135,
137,great,2021-11-02,136,
138,altar,2021-11-03,137,
139,pulpy,2021-11-04,138,
140,blurt,2021-11-05,139,
141,coast,2021-11-06,140,
142,duchy,2021-11-07,141,
143,groin,2021-11-08,142,
144,fixer,2021-11-09,143,
145,group,2021-11-10,144,
146,rogue,2021-11-11,145,
147,badly,2021-11-12,146,
148,smart,2021-11-13,147,
149,pithy,2021-11-14,148,
150,gaudy,2021-11-15,149,
151,chill,2021-11-16,150,
152,heron,2021-11-17,151,
153,vodka,2021-11-18,152,
154,finer,2021-11-19,153,
155,surer,2021-11-20,154,
156,radio,2021-11-21,155,
157,rouge,2021-11-22,156,
158,perch,2021-11-23,157,
159,retch,2021-11-24,158,
160,wrote,2021-11-25,159,
161,clock,2021-11-26,160,
162,tilde,2021-11-27,161,
163,store,2021-11-28,162,
164,prove,2021-11-29,163,
165,bring,2021-11-30,164,
166,solve,2021-12-01,165,
167,cheat,2021-12-02,166,
168,grime,2021-12-03,167,
169,exult,2021-12-04,168,
170,usher,2021-12-05,169,
171,epoch,2021-12-06,170,
172,triad,2021-12-07,171,
173,break,2021-12-08,172,
174,rhino,2021-12-09,173,
175,viral,2021-12-10,174,
176,conic,2021-12-11,175,
177,masse,2021-12-12,176,
178,sonic,2021-12-13,177,
179,vital,2021-12-14,178,
180,trace,2021-12-15,179,
181,using,2021-12-16,180,
182,peach,2021-12-17,181,
183,champ,2021-12-18,182,
184,baton,2021-12-19,183,
185,brake,2021-12-20,184,
186,pluck,2021-12-21,185,
187,craze,2021-12-22,186,
188,gripe,2021-12-23,187,
189,weary,2021-12-24,188,
190,picky,2021-12-25,189,
191,acute,2021-12-26,190,
192,ferry,2021-12-27,191,
193,aside,2021-12-28,192,
194,tapir,2021-12-29,193,
195,troll,2021-12-30,194,
196,unify,2021-12-31,195,
197,rebus,2022-01-01,196,
198,boost,2022-01-02,197,
199,truss,2022-01-03,198,
200,siege,2022-01-04,199,
201,tiger,2022-01-05,200,
202,banal,2022-01-06,201,
203,slump,2022-01-07,202,
204,crank,2022-01-08,203,
205,gorge,2022-01-09,204,
206,query,2022-01-10,205,
207,drink,2022-01-11,206,
208,favor,2022-01-12,207,
209,abbey,2022-01-13,208,
210,tangy,2022-01-14,209,
211,panic,2022-01-15,210,
212,solar,2022-01-16,211,
213,shire,2022-01-17,212,
214,proxy,2022-01-18,213,
215,point,2022-01-19,214,
216,robot,2022-01-20,215,
217,prick,2022-01-21,216,
218,wince,2022-01-22,217,
219,crimp,2022-01-23,218,
220,knoll,2022-01-24,219,
221,sugar,2022-01-25,220,
222,whack,2022-01-26,221,
223,mount,2022-01-27,222,
224,perky,2022-01-28,223,
225,could,2022-01-29,224,
226,wrung,2022-01-30,225,
227,light,2022-01-31,226,
228,those,2022-02-01,227,
229,moist,2022-02-02,228,
230,shard,2022-02-03,229,
231,pleat,2022-02-04,230,
232,aloft,2022-02-05,231,
233,skill,2022-02-06,232,
234,elder,2022-02-07,233,
235,frame,2022-02-08,234,
236,humor,2022-02-09,235,
237,pause,2022-02-10,236,
238,ulcer,2022-02-11,237,
239,ultra,2022-02-12,238,
240,robin,2022-02-13,239,
241,cynic,2022-02-14,240,
242,aroma,2022-02-15,241,
243,caulk,2022-02-16,242,
244,shake,2022-02-17,243,
245,dodge,2022-02-18,244,
246,swill,2022-02-19,245,
247,tacit,2022-02-20,246,
248,other,2022-02-21,247,
249,thorn,2022-02-22,248,
250,trove,2022-02-23,249,
251,bloke,2022-02-24,250,
252,vivid,2022-02-25,251,
253,spill,2022-02-26,252,
254,chant,2022-02-27,253,
255,choke,2022-02-28,254,
256,rupee,2022-03-01,255,
257,nasty,2022-03-02,256,
258,mourn,2022-03-03,257,
259,ahead,2022-03-04,258,
260,brine,2022-03-05,259,
261,cloth,2022-03-06,260,
262,hoard,2022-03-07,261,
263,sweet,2022-03-08,262,
264,month,2022-03-09,263,
265,lapse,2022-03-10,264,
266,watch,2022-03-11,265,
267,today,2022-03-12,266,
268,focus,2022-03-13,267,
269,smelt,2022-03-14,268,
270,tease,2022-03-15,269,
271,cater,2022-03-16,270,
272,movie,2022-03-17,271,
273,saute,2022-03-18,272,
274,allow,2022-03-19,273,
275,renew,2022-03-20,274,
276,their,2022-03-21,275,
277,slosh,2022-03-22,276,
278,purge,2022-03-23,277,
279,chest,2022-03-24,278,
280,depot,2022-03-25,279,
281,epoxy,2022-03-26,280,
282,nymph,2022-03-27,281,
283,found,2022-03-28,282,
284,shall,2022-03-29,283,
285,stove,2022-03-30,284,
286,lowly,2022-03-31,285,
287,snout,2022-04-01,286,
288,trope,2022-04-02,287,
289,fewer,2022-04-03,288,
290,shawl,2022-04-04,289,
291,natal,2022-04-05,290,
292,comma,2022-04-06,291,
293,foray,2022-04-07,292,
294,scare,2022-04-08,293,
295,stair,2022-04-09,294,
296,black,2022-04-10,295,
297,squad,2022-04-11,296,
298,royal,2022-04-12,297,
299,chunk,2022-04-13,298,
300,mince,2022-04-14,299,
301,shame,2022-04-15,300,
302,cheek,2022-04-16,301,
303,ample,2022-04-17,302,
304,flair,2022-04-18,303,
305,foyer,2022-04-19,304,
306,cargo,2022-04-20,305,
307,oxide,2022-04-21,306,
308,plant,2022-04-22,307,
309,olive,2022-04-23,308,
310,inert,2022-04-24,309,
311,askew,2022-04-25,310,
312,heist,2022-04-26,311,
313,shown,2022-04-27,312,
314,zesty,2022-04-28,313,
315,trash,2022-04-29,314,
316,larva,2022-04-30,315,
317,forgo,2022-05-01,316,
318,story,2022-05-02,317,
319,hairy,2022-05-03,318,
320,train,2022-05-04,319,
321,homer,2022-05-05,320,
322,badge,2022-05-06,321,
323,midst,2022-05-07,322,
324,canny,2022-05-08,323,
325,shine,2022-05-09,324,
326,gecko,2022-05-10,325,
327,farce,2022-05-11,326,
328,slung,2022-05-12,327,
329,tipsy,2022-05-13,328,
330,metal,2022-05-14,329,
331,yield,2022-05-15,330,
332,delve,2022-05-16,331,
333,being,2022-05-17,332,
334,scour,2022-05-18,333,
335,glass,2022-05-19,334,
336,gamer,2022-05-20,335,
337,scrap,2022-05-21,336,
338,money,2022-05-22,337,
339,hinge,2022-05-23,338,
340,album,2022-05-24,339,
341,vouch,2022-05-25,340,
342,asset,2022-05-26,341,
343,tiara,2022-05-27,342,
344,crept,2022-05-28,343,
345,bayou,2022-05-29,344,
346,atoll,2022-05-30,345,
347,manor,2022-05-31,346,
348,creak,2022-06-01,347,
349,showy,2022-06-02,348,
350,phase,2022-06-03,349,
351,froth,2022-06-04,350,
352,depth,2022-06-05,351,
353,gloom,2022-06-06,352,
354,flood,2022-06-07,353,
355,trait,2022-06-08,354,
356,girth,2022-06-09,355,
357,piety,2022-06-10,356,
358,goose,2022-06-11,357,
359,float,2022-06-12,358,
360,donor,2022-06-13,359,
361,atone,2022-06-14,360,
362,primo,2022-06-15,361,
363,apron,2022-06-16,362,
364,blown,2022-06-17,363,
365,cacao,2022-06-18,364,
366,loser,2022-06-19,365,
367,input,2022-06-20,366,
368,gloat,2022-06-21,367,
369,awful,2022-06-22,368,
370,brink,2022-06-23,369,
371,smite,2022-06-24,370,
372,beady,2022-06-25,371,
373,rusty,2022-06-26,372,
374,retro,2022-06-27,373,
375,droll,2022-06-28,374,
376,gawky,2022-06-29,375,
377,hutch,2022-06-30,376,
378,pinto,2022-07-01,377,
379,egret,2022-07-02,378,
380,lilac,2022-07-03,379,
381,sever,2022-07-04,380,
382,field,2022-07-05,381,
383,fluff,2022-07-06,382,
384,agape,2022-07-07,383,
385,voice,2022-07-08,384,
386,stead,2022-07-09,385,
387,berth,2022-07-10,386,
388,madam,2022-07-11,387,
389,night,2022-07-12,388,
390,bland,2022-07-13,389,
391,liver,2022-07-14,390,
392,wedge,2022-07-15,391,
393,roomy,2022-07-16,392,
394,wacky,2022-07-17,393,
395,flock,2022-07-18,394,
396,angry,2022-07-19,395,
397,trite,2022-07-20,396,
398,aphid,2022-07-21,397,
399,tryst,2022-07-22,398,
400,midge,2022-07-23,399,
401,power,2022-07-24,400,
402,elope,2022-07-25,401,
403,cinch,2022-07-26,402,
404,motto,2022-07-27,403,
405,stomp,2022-07-28,404,
406,upset,2022-07-29,405,
407,bluff,2022-07-30,406,
408,cramp,2022-07-31,407,
409,quart,2022-08-01,408,
410,coyly,2022-08-02,409,
411,youth,2022-08-03,410,
412,rhyme,2022-08-04,411,
413,buggy,2022-08-05,412,
414,alien,2022-08-06,413,
415,smear,2022-08-07,414,
416,unfit,2022-08-08,415,
417,patty,2022-08-09,416,
418,cling,2022-08-10,417,
419,glean,2022-08-11,418,
420,label,2022-08-12,419,
421,hunky,2022-08-13,420,
422,khaki,2022-08-14,421,
423,poker,2022-08-15,422,
424,gruel,2022-08-16,423,
425,twice,2022-08-17,424,
426,twang,2022-08-18,425,
427,shrug,2022-08-19,426,
428,treat,2022-08-20,427,
429,waste,2022-08-21,428,
430,merit,2022-08-22,429,
431,woven,2022-08-23,430,
432,needy,2022-08-24,431,
433,clown,2022-08-25,432,
434,irony,2022-08-26,433,
435,ruder,2022-08-27,434,
436,gauze,2022-08-28,435,
437,chief,2022-08-29,436,
438,onset,2022-08-30,437,
439,prize,2022-08-31,438,
440,fungi,2022-09-01,439,
441,charm,2022-09-02,440,
442,gully,2022-09-03,441,
443,inter,2022-09-04,442,
444,whoop,2022-09-05,443,
445,taunt,2022-09-06,444,
446,leery,2022-09-07,445,
447,class,2022-09-08,446,
448,theme,2022-09-09,447,
449,lofty,2022-09-10,448,
450,tibia,2022-09-11,449,
451,booze,2022-09-12,450,
452,alpha,2022-09-13,451,
453,thyme,2022-09-14,452,
454,doubt,2022-09-15,453,
455,parer,2022-09-16,454,
456,chute,2022-09-17,455,
457,stick,2022-09-18,456,
458,trice,2022-09-19,457,
459,alike,2022-09-20,458,
460,recap,2022-09-21,459,
461,saint,2022-09-22,460,
462,glory,2022-09-23,461,
463,grate,2022-09-24,462,
464,admit,2022-09-25,463,
465,brisk,2022-09-26,464,
466,soggy,2022-09-27,465,
467,usurp,2022-09-28,466,
468,scald,2022-09-29,467,
469,scorn,2022-09-30,468,
470,leave,2022-10-01,469,
471,twine,2022-10-02,470,
472,sting,2022-10-03,471,
473,bough,2022-10-04,472,
474,marsh,2022-10-05,473,
475,sloth,2022-10-06,474,
476,dandy,2022-10-07,475,
477,vigor,2022-10-08,476,
478,howdy,2022-10-09,477,
479,enjoy,2022-10-10,478,
480,valid,2022-10-11,479,
481,ionic,2022-10-12,480,
482,equal,2022-10-13,481,
483,floor,2022-10-14,482,
484,catch,2022-10-15,483,
485,spade,2022-10-16,484,
486,stein,2022-10-17,485,
487,exist,2022-10-18,486,
488,quirk,2022-10-19,487,
489,denim,2022-10-20,488,
490,grove,2022-10-21,489,
491,spiel,2022-10-22,490,
492,mummy,2022-10-23,491,
493,fault,2022-10-24,492,
494,foggy,2022-10-25,493,
495,flout,2022-10-26,494,
496,carry,2022-10-27,495,
497,sneak,2022-10-28,496,
498,libel,2022-10-29,497,
499,waltz,2022-10-30,498,
500,aptly,2022-10-31,499,
501,piney,2022-11-01,500,
502,inept,2022-11-02,501,
503,aloud,2022-11-03,502,
504,photo,2022-11-04,503,
505,dream,2022-11-05,504,
506,stale,2022-11-06,505,
1623,begin,2022-11-07,506,Tracy Bennett
514,spell,2022-11-08,507,Tracy Bennett
530,rainy,2022-11-09,508,Tracy Bennett
507,unite,2022-11-10,509,Tracy Bennett
1249,medal,2022-11-11,510,Tracy Bennett
537,valet,2022-11-12,511,Tracy Bennett
523,inane,2022-11-13,512,Tracy Bennett
1255,maple,2022-11-14,513,Tracy Bennett
508,snarl,2022-11-15,514,Tracy Bennett
509,baker,2022-11-16,515,Tracy Bennett
510,there,2022-11-17,516,Tracy Bennett
511,glyph,2022-11-18,517,Tracy Bennett
539,avert,2022-11-19,518,Tracy Bennett
969,brave,2022-11-20,519,Tracy Bennett
1685,axiom,2022-11-21,520,Tracy Bennett
929,prime,2022-11-22,521,Tracy Bennett
2166,drive,2022-11-23,522,Tracy Bennett
1438,feast,2022-11-24,523,Tracy Bennett
1680,itchy,2022-11-25,524,Tracy Bennett
736,clean,2022-11-26,525,Tracy Bennett
2180,happy,2022-11-27,526,Tracy Bennett
2268,tepid,2022-11-28,527,Tracy Bennett
559,undue,2022-11-29,528,Tracy Bennett
552,study,2022-11-30,529,Tracy Bennett
2276,eject,2022-12-01,530,Tracy Bennett
1311,chafe,2022-12-02,531,Tracy Bennett
2265,torso,2022-12-03,532,Tracy Bennett
1106,adore,2022-12-04,533,Tracy Bennett
849,woken,2022-12-05,534,Tracy Bennett
2008,amber,2022-12-06,535,Tracy Bennett
1246,joust,2022-12-07,536,Tracy Bennett
1149,infer,2022-12-08,537,Tracy Bennett
840,braid,2022-12-09,538,Tracy Bennett
2256,knock,2022-12-10,539,Tracy Bennett
923,naive,2022-12-11,540,Tracy Bennett
1168,apply,2022-12-12,541,Tracy Bennett
895,spoke,2022-12-13,542,Tracy Bennett
621,usual,2022-12-14,543,Tracy Bennett
2278,rival,2022-12-15,544,Tracy Bennett
1591,probe,2022-12-16,545,Tracy Bennett
801,chord,2022-12-17,546,Tracy Bennett
962,taper,2022-12-18,547,Tracy Bennett
853,slate,2022-12-19,548,Tracy Bennett
1045,third,2022-12-20,549,Tracy Bennett
694,lunar,2022-12-21,550,Tracy Bennett
952,excel,2022-12-22,551,Tracy Bennett
2281,aorta,2022-12-23,552,Tracy Bennett
1155,poise,2022-12-24,553,Tracy Bennett
2257,extra,2022-12-25,554,Tracy Bennett
2283,judge,2022-12-26,555,Tracy Bennett
2258,condo,2022-12-27,556,Tracy Bennett
2208,impel,2022-12-28,557,Tracy Bennett
1279,havoc,2022-12-29,558,Tracy Bennett
771,molar,2022-12-30,559,Tracy Bennett
2251,manly,2022-12-31,560,Tracy Bennett
2191,whine,2023-01-01,561,Tracy Bennett
2263,skirt,2023-01-02,562,Tracy Bennett
2117,antic,2023-01-03,563,Tracy Bennett
818,layer,2023-01-04,564,Tracy Bennett
2269,sleek,2023-01-05,565,Tracy Bennett
1847,belie,2023-01-06,566,Tracy Bennett
2110,lemon,2023-01-07,567,Tracy Bennett
1969,opera,2023-01-08,568,Tracy Bennett
1132,pixie,2023-01-09,569,Tracy Bennett
2026,grimy,2023-01-10,570,Tracy Bennett
560,sedan,2023-01-11,571,Tracy Bennett
1836,leapt,2023-01-12,572,Tracy Bennett
570,human,2023-01-13,573,Tracy Bennett
1343,koala,2023-01-14,574,Tracy Bennett
1277,spire,2023-01-15,575,Tracy Bennett
1062,frock,2023-01-16,576,Tracy Bennett
965,adopt,2023-01-17,577,Tracy Bennett
1686,chard,2023-01-18,578,Tracy Bennett
1332,mucky,2023-01-19,579,Tracy Bennett
1483,alter,2023-01-20,580,Tracy Bennett
1049,blurb,2023-01-21,581,Tracy Bennett
825,matey,2023-01-22,582,Tracy Bennett
713,elude,2023-01-23,583,Tracy Bennett
546,count,2023-01-24,584,Tracy Bennett
1517,maize,2023-01-25,585,Tracy Bennett
1384,beefy,2023-01-26,586,Tracy Bennett
1074,worry,2023-01-27,587,Tracy Bennett
1211,flirt,2023-01-28,588,Tracy Bennett
1159,fishy,2023-01-29,589,Tracy Bennett
525,crave,2023-01-30,590,Tracy Bennett
1007,cross,2023-01-31,591,Tracy Bennett
1502,scold,2023-02-01,592,Tracy Bennett
1182,shirk,2023-02-02,593,Tracy Bennett
1075,tasty,2023-02-03,594,Tracy Bennett
2301,unlit,2023-02-04,595,Tracy Bennett
1556,dance,2023-02-05,596,Tracy Bennett
1245,ninth,2023-02-06,597,Tracy Bennett
590,apple,2023-02-07,598,Tracy Bennett
1927,flail,2023-02-08,599,Tracy Bennett
730,stage,2023-02-09,600,Tracy Bennett
1129,heady,2023-02-10,601,Tracy Bennett
1873,debug,2023-02-11,602,Tracy Bennett
1717,giant,2023-02-12,603,Tracy Bennett
1154,usage,2023-02-13,604,Tracy Bennett
838,sound,2023-02-14,605,Tracy Bennett
1584,salsa,2023-02-15,606,Tracy Bennett
776,magic,2023-02-16,607,Tracy Bennett
1312,cache,2023-02-17,608,Tracy Bennett
1207,avail,2023-02-18,609,Tracy Bennett
815,kiosk,2023-02-19,610,Tracy Bennett
1104,sweat,2023-02-20,611,Tracy Bennett
1439,ruddy,2023-02-21,612,Tracy Bennett
1528,riper,2023-02-22,613,Tracy Bennett
1881,vague,2023-02-23,614,Tracy Bennett
805,arbor,2023-02-24,615,Tracy Bennett
1715,fifty,2023-02-25,616,Tracy Bennett
1462,syrup,2023-02-26,617,Tracy Bennett
1805,worse,2023-02-27,618,Tracy Bennett
2261,polka,2023-02-28,619,Tracy Bennett
2116,moose,2023-03-01,620,Tracy Bennett
1852,above,2023-03-02,621,Tracy Bennett
1240,squat,2023-03-03,622,Tracy Bennett
1834,trend,2023-03-04,623,Tracy Bennett
1795,toxic,2023-03-05,624,Tracy Bennett
1879,pinky,2023-03-06,625,Tracy Bennett
1977,horse,2023-03-07,626,Tracy Bennett
975,regal,2023-03-08,627,Tracy Bennett
1052,where,2023-03-09,628,Tracy Bennett
1867,revel,2023-03-10,629,Tracy Bennett
2168,email,2023-03-11,630,Tracy Bennett
1754,birth,2023-03-12,631,Tracy Bennett
2239,blame,2023-03-13,632,Tracy Bennett
1718,surly,2023-03-14,633,Tracy Bennett
883,sweep,2023-03-15,634,Tracy Bennett
1342,cider,2023-03-16,635,Tracy Bennett
1922,mealy,2023-03-17,636,Tracy Bennett
2022,yacht,2023-03-18,637,Tracy Bennett
1172,credo,2023-03-19,638,Tracy Bennett
839,glove,2023-03-20,639,Tracy Bennett
566,tough,2023-03-21,640,Tracy Bennett
1344,duvet,2023-03-22,641,Tracy Bennett
2221,staid,2023-03-23,642,Tracy Bennett
1471,grout,2023-03-24,643,Tracy Bennett
1738,voter,2023-03-25,644,Tracy Bennett
2279,untie,2023-03-26,645,Tracy Bennett
2312,guano,2023-03-27,646,Tracy Bennett
2104,hurry,2023-03-28,647,Tracy Bennett
773,beset,2023-03-29,648,Tracy Bennett
1002,bread,2023-03-30,649,Tracy Bennett
977,every,2023-03-31,650,Tracy Bennett
803,march,2023-04-01,651,Tracy Bennett
1305,stock,2023-04-02,652,Tracy Bennett
1412,flora,2023-04-03,653,Tracy Bennett
1809,ratio,2023-04-04,654,Tracy Bennett
1229,smash,2023-04-05,655,Tracy Bennett
887,leafy,2023-04-06,656,Tracy Bennett
1307,locus,2023-04-07,657,Tracy Bennett
1895,ledge,2023-04-08,658,Tracy Bennett
2317,snafu,2023-04-09,659,Tracy Bennett
1648,under,2023-04-10,660,Tracy Bennett
726,qualm,2023-04-11,661,Tracy Bennett
699,borax,2023-04-12,662,Tracy Bennett
2010,carat,2023-04-13,663,Tracy Bennett
1271,thief,2023-04-14,664,Tracy Bennett
1025,agony,2023-04-15,665,Tracy Bennett
852,dwelt,2023-04-16,666,Tracy Bennett
1522,whiff,2023-04-17,667,Tracy Bennett
2233,hound,2023-04-18,668,Tracy Bennett
798,thump,2023-04-19,669,Tracy Bennett
1216,plate,2023-04-20,670,Tracy Bennett
2075,kayak,2023-04-21,671,Tracy Bennett
1782,broke,2023-04-22,672,Tracy Bennett
955,unzip,2023-04-23,673,Tracy Bennett
618,ditto,2023-04-24,674,Tracy Bennett
875,joker,2023-04-25,675,Tracy Bennett
2081,metro,2023-04-26,676,Tracy Bennett
1316,logic,2023-04-27,677,Tracy Bennett
1978,circa,2023-04-28,678,Tracy Bennett
1297,cedar,2023-04-29,679,Tracy Bennett
1894,plaza,2023-04-30,680,Tracy Bennett
785,range,2023-05-01,681,Tracy Bennett
1333,sulky,2023-05-02,682,Tracy Bennett
1300,horde,2023-05-03,683,Tracy Bennett
2121,guppy,2023-05-04,684,Tracy Bennett
1389,below,2023-05-05,685,Tracy Bennett
2165,anger,2023-05-06,686,Tracy Bennett
1663,ghoul,2023-05-07,687,Tracy Bennett
1265,aglow,2023-05-08,688,Tracy Bennett
1530,cocoa,2023-05-09,689,Tracy Bennett
1660,ethic,2023-05-10,690,Tracy Bennett
1476,broom,2023-05-11,691,Tracy Bennett
1858,snack,2023-05-12,692,Tracy Bennett
1128,acrid,2023-05-13,693,Tracy Bennett
1441,scarf,2023-05-14,694,Tracy Bennett
567,canoe,2023-05-15,695,Tracy Bennett
2142,latte,2023-05-16,696,Tracy Bennett
1636,plank,2023-05-17,697,Tracy Bennett
2106,shorn,2023-05-18,698,Tracy Bennett
1050,grief,2023-05-19,699,Tracy Bennett
2038,flask,2023-05-20,700,Tracy Bennett
1392,brash,2023-05-21,701,Tracy Bennett
1450,igloo,2023-05-22,702,Tracy Bennett
1657,clerk,2023-05-23,703,Tracy Bennett
1493,utter,2023-05-24,704,Tracy Bennett
1682,bagel,2023-05-25,705,Tracy Bennett
562,swine,2023-05-26,706,Tracy Bennett
1146,ramen,2023-05-27,707,Tracy Bennett
528,skimp,2023-05-28,708,Tracy Bennett
1331,mouse,2023-05-29,709,Tracy Bennett
755,kneel,2023-05-30,710,Tracy Bennett
1222,agile,2023-05-31,711,Tracy Bennett
1714,jazzy,2023-06-01,712,Tracy Bennett
657,humid,2023-06-02,713,Tracy Bennett
613,nanny,2023-06-03,714,Tracy Bennett
1491,beast,2023-06-04,715,Tracy Bennett
817,ennui,2023-06-05,716,Tracy Bennett
1877,scout,2023-06-06,717,Tracy Bennett
682,hater,2023-06-07,718,Tracy Bennett
1459,crumb,2023-06-08,719,Tracy Bennett
2310,balsa,2023-06-09,720,Tracy Bennett
1480,again,2023-06-10,721,Tracy Bennett
2246,guard,2023-06-11,722,Tracy Bennett
1536,wrong,2023-06-12,723,Tracy Bennett
1218,plunk,2023-06-13,724,Tracy Bennett
1875,crime,2023-06-14,725,Tracy Bennett
1823,maybe,2023-06-15,726,Tracy Bennett
1117,strap,2023-06-16,727,Tracy Bennett
2108,ranch,2023-06-17,728,Tracy Bennett
1268,shyly,2023-06-18,729,Tracy Bennett
2313,kazoo,2023-06-19,730,Tracy Bennett
1888,frost,2023-06-20,731,Tracy Bennett
1704,crane,2023-06-21,732,Tracy Bennett
1694,taste,2023-06-22,733,Tracy Bennett
569,covet,2023-06-23,734,Tracy Bennett
2083,grand,2023-06-24,735,Tracy Bennett
2245,rodeo,2023-06-25,736,Tracy Bennett
976,guest,2023-06-26,737,Tracy Bennett
703,about,2023-06-27,738,Tracy Bennett
1992,tract,2023-06-28,739,Tracy Bennett
633,diner,2023-06-29,740,Tracy Bennett
1041,straw,2023-06-30,741,Tracy Bennett
2171,bleep,2023-07-01,742,Tracy Bennett
2220,mossy,2023-07-02,743,Tracy Bennett
1546,hotel,2023-07-03,744,Tracy Bennett
847,irate,2023-07-04,745,Tracy Bennett
674,venom,2023-07-05,746,Tracy Bennett
1447,windy,2023-07-06,747,Tracy Bennett
988,donut,2023-07-07,748,Tracy Bennett
1931,cower,2023-07-08,749,Tracy Bennett
963,enter,2023-07-09,750,Tracy Bennett
515,folly,2023-07-10,751,Tracy Bennett
959,earth,2023-07-11,752,Tracy Bennett
2162,whirl,2023-07-12,753,Tracy Bennett
824,barge,2023-07-13,754,Tracy Bennett
1315,fiend,2023-07-14,755,Tracy Bennett
2218,crone,2023-07-15,756,Tracy Bennett
1194,topaz,2023-07-16,757,Tracy Bennett
1215,droop,2023-07-17,758,Tracy Bennett
765,flyer,2023-07-18,759,Tracy Bennett
1948,tonic,2023-07-19,760,Tracy Bennett
1252,flank,2023-07-20,761,Tracy Bennett
1378,burly,2023-07-21,762,Tracy Bennett
2113,froze,2023-07-22,763,Tracy Bennett
1454,whale,2023-07-23,764,Tracy Bennett
1490,hobby,2023-07-24,765,Tracy Bennett
1190,wheel,2023-07-25,766,Tracy Bennett
631,heart,2023-07-26,767,Tracy Bennett
1051,disco,2023-07-27,768,Tracy Bennett
1486,ethos,2023-07-28,769,Tracy Bennett
1296,curly,2023-07-29,770,Tracy Bennett
926,bathe,2023-07-30,771,Tracy Bennett
2115,style,2023-07-31,772,Tracy Bennett
2056,tenth,2023-08-01,773,Tracy Bennett
1189,beget,2023-08-02,774,Tracy Bennett
1091,party,2023-08-03,775,Tracy Bennett
1784,chart,2023-08-04,776,Tracy Bennett
1874,anode,2023-08-05,777,Tracy Bennett
958,polyp,2023-08-06,778,Tracy Bennett
1713,brook,2023-08-07,779,Tracy Bennett
1199,bully,2023-08-08,780,Tracy Bennett
553,lover,2023-08-09,781,Tracy Bennett
1354,empty,2023-08-10,782,Tracy Bennett
2252,hello,2023-08-11,783,Tracy Bennett
578,quick,2023-08-12,784,Tracy Bennett
1914,wrath,2023-08-13,785,Tracy Bennett
1241,snaky,2023-08-14,786,Tracy Bennett
723,index,2023-08-15,787,Tracy Bennett
992,scrub,2023-08-16,788,Tracy Bennett
1837,amiss,2023-08-17,789,Tracy Bennett
2128,exact,2023-08-18,790,Tracy Bennett
2154,magma,2023-08-19,791,Tracy Bennett
1674,quest,2023-08-20,792,Tracy Bennett
1054,beach,2023-08-21,793,Tracy Bennett
1398,spice,2023-08-22,794,Tracy Bennett
792,verve,2023-08-23,795,Tracy Bennett
1786,wordy,2023-08-24,796,Tracy Bennett
845,ocean,2023-08-25,797,Tracy Bennett
893,choir,2023-08-26,798,Tracy Bennett
2272,peace,2023-08-27,799,Tracy Bennett
668,write,2023-08-28,800,Tracy Bennett
1201,caper,2023-08-29,801,Tracy Bennett
1564,audio,2023-08-30,802,Tracy Bennett
1487,bride,2023-08-31,803,Tracy Bennett
1206,space,2023-09-01,804,Tracy Bennett
635,onion,2023-09-02,805,Tracy Bennett
2209,await,2023-09-03,806,Tracy Bennett
1954,giddy,2023-09-04,807,Tracy Bennett
688,birch,2023-09-05,808,Tracy Bennett
2097,gnash,2023-09-06,809,Tracy Bennett
1224,dwell,2023-09-07,810,Tracy Bennett
862,rouse,2023-09-08,811,Tracy Bennett
689,lucky,2023-09-09,812,Tracy Bennett
1958,quote,2023-09-10,813,Tracy Bennett
1668,older,2023-09-11,814,Tracy Bennett
786,whisk,2023-09-12,815,Tracy Bennett
1338,clear,2023-09-13,816,Tracy Bennett
2262,rayon,2023-09-14,817,Tracy Bennett
1983,exert,2023-09-15,818,Tracy Bennett
1819,angel,2023-09-16,819,Tracy Bennett
2169,music,2023-09-17,820,Tracy Bennett
1995,frank,2023-09-18,821,Tracy Bennett
2055,close,2023-09-19,822,Tracy Bennett
696,snare,2023-09-20,823,Tracy Bennett
1885,stone,2023-09-21,824,Tracy Bennett
1703,brush,2023-09-22,825,Tracy Bennett
1366,carol,2023-09-23,826,Tracy Bennett
2001,right,2023-09-24,827,Tracy Bennett
1274,rocky,2023-09-25,828,Tracy Bennett
1210,loyal,2023-09-26,829,Tracy Bennett
641,smile,2023-09-27,830,Tracy Bennett
601,coach,2023-09-28,831,Tracy Bennett
835,azure,2023-09-29,832,Tracy Bennett
533,daddy,2023-09-30,833,Tracy Bennett
1963,beret,2023-10-01,834,Tracy Bennett
1926,merry,2023-10-02,835,Tracy Bennett
1166,while,2023-10-03,836,Tracy Bennett
1569,spurt,2023-10-04,837,Tracy Bennett
2144,bunch,2023-10-05,838,Tracy Bennett
2133,chime,2023-10-06,839,Tracy Bennett
1039,viola,2023-10-07,840,Tracy Bennett
1833,binge,2023-10-08,841,Tracy Bennett
2129,truth,2023-10-09,842,Tracy Bennett
745,snail,2023-10-10,843,Tracy Bennett
1339,skunk,2023-10-11,844,Tracy Bennett
1870,knelt,2023-10-12,845,Tracy Bennett
1284,uncle,2023-10-13,846,Tracy Bennett
1599,agent,2023-10-14,847,Tracy Bennett
584,leaky,2023-10-15,848,Tracy Bennett
1755,graph,2023-10-16,849,Tracy Bennett
2282,adult,2023-10-17,850,Tracy Bennett
2267,mercy,2023-10-18,851,Tracy Bennett
764,splat,2023-10-19,852,Tracy Bennett
2087,occur,2023-10-20,853,Tracy Bennett
1535,smirk,2023-10-21,854,Tracy Bennett
580,given,2023-10-22,855,Tracy Bennett
1214,tempo,2023-10-23,856,Tracy Bennett
1263,cause,2023-10-24,857,Tracy Bennett
1417,retry,2023-10-25,858,Tracy Bennett
532,pique,2023-10-26,859,Tracy Bennett
1485,noble,2023-10-27,860,Tracy Bennett
767,mason,2023-10-28,861,Tracy Bennett
1405,phony,2023-10-29,862,Tracy Bennett
2059,grail,2023-10-30,863,Tracy Bennett
1294,bleak,2023-10-31,864,Tracy Bennett
1964,noise,2023-11-01,865,Tracy Bennett
961,until,2023-11-02,866,Tracy Bennett
612,ardor,2023-11-03,867,Tracy Bennett
683,mania,2023-11-04,868,Tracy Bennett
1972,flare,2023-11-05,869,Tracy Bennett
1077,trade,2023-11-06,870,Tracy Bennett
1630,limit,2023-11-07,871,Tracy Bennett
625,ninja,2023-11-08,872,Tracy Bennett
2072,glaze,2023-11-09,873,Tracy Bennett
1554,leash,2023-11-10,874,Tracy Bennett
1649,actor,2023-11-11,875,Tracy Bennett
906,meant,2023-11-12,876,Tracy Bennett
1698,green,2023-11-13,877,Tracy Bennett
1053,sassy,2023-11-14,878,Tracy Bennett
1781,sight,2023-11-15,879,Tracy Bennett
2003,trust,2023-11-16,880,Tracy Bennett
1107,tardy,2023-11-17,881,Tracy Bennett
1808,think,2023-11-18,882,Tracy Bennett
774,queue,2023-11-19,883,Tracy Bennett
800,candy,2023-11-20,884,Tracy Bennett
1140,piano,2023-11-21,885,Tracy Bennett
1544,pixel,2023-11-22,886,Tracy Bennett
956,queen,2023-11-23,887,Tracy Bennett
1608,throw,2023-11-24,888,Tracy Bennett
1645,guide,2023-11-25,889,Tracy Bennett
855,solid,2023-11-26,890,Tracy Bennett
1436,tawny,2023-11-27,891,Tracy Bennett
841,scope,2023-11-28,892,Tracy Bennett
793,sushi,2023-11-29,893,Tracy Bennett
1541,resin,2023-11-30,894,Tracy Bennett
1731,taken,2023-12-01,895,Tracy Bennett
543,genre,2023-12-02,896,Tracy Bennett
2259,adapt,2023-12-03,897,Tracy Bennett
882,worst,2023-12-04,898,Tracy Bennett
1113,young,2023-12-05,899,Tracy Bennett
2156,woman,2023-12-06,900,Tracy Bennett
611,sleep,2023-12-07,901,Tracy Bennett
1401,sharp,2023-12-08,902,Tracy Bennett
1175,shift,2023-12-09,903,Tracy Bennett
2088,chain,2023-12-10,904,Tracy Bennett
698,house,2023-12-11,905,Tracy Bennett
1494,these,2023-12-12,906,Tracy Bennett
1525,spent,2023-12-13,907,Tracy Bennett
1021,would,2023-12-14,908,Tracy Bennett
1701,topic,2023-12-15,909,Tracy Bennett
860,globe,2023-12-16,910,Tracy Bennett
1900,bacon,2023-12-17,911,Tracy Bennett
556,funny,2023-12-18,912,Tracy Bennett
1534,table,2023-12-19,913,Tracy Bennett
1724,small,2023-12-20,914,Tracy Bennett
648,built,2023-12-21,915,Tracy Bennett
1092,touch,2023-12-22,916,Tracy Bennett
1291,slope,2023-12-23,917,Tracy Bennett
617,grace,2023-12-24,918,Tracy Bennett
642,evoke,2023-12-25,919,Tracy Bennett
1814,phone,2023-12-26,920,Tracy Bennett
912,daisy,2023-12-27,921,Tracy Bennett
1253,learn,2023-12-28,922,Tracy Bennett
964,child,2023-12-29,923,Tracy Bennett
1179,three,2023-12-30,924,Tracy Bennett
1563,salty,2023-12-31,925,Tracy Bennett
1705,mural,2024-01-01,926,Tracy Bennett
536,aging,2024-01-02,927,Tracy Bennett
781,twirl,2024-01-03,928,Tracy Bennett
1855,scant,2024-01-04,929,Tracy Bennett
1205,lunge,2024-01-05,930,Tracy Bennett
1901,cable,2024-01-06,931,Tracy Bennett
953,stony,2024-01-07,932,Tracy Bennett
593,final,2024-01-08,933,Tracy Bennett
1561,liner,2024-01-09,934,Tracy Bennett
520,threw,2024-01-10,935,Tracy Bennett
1328,brief,2024-01-11,936,Tracy Bennett
1400,route,2024-01-12,937,Tracy Bennett
1818,heard,2024-01-13,938,Tracy Bennett
768,doing,2024-01-14,939,Tracy Bennett
572,lunch,2024-01-15,940,Tracy Bennett
816,blond,2024-01-16,941,Tracy Bennett
1815,court,2024-01-17,942,Tracy Bennett
1193,stole,2024-01-18,943,Tracy Bennett
2102,thing,2024-01-19,944,Tracy Bennett
1023,large,2024-01-20,945,Tracy Bennett
1853,north,2024-01-21,946,Tracy Bennett
1896,tweak,2024-01-22,947,Tracy Bennett
677,still,2024-01-23,948,Tracy Bennett
2183,relic,2024-01-24,949,Tracy Bennett
905,block,2024-01-25,950,Tracy Bennett
1780,aloof,2024-01-26,951,Tracy Bennett
1565,snake,2024-01-27,952,Tracy Bennett
1351,ember,2024-01-28,953,Tracy Bennett
1934,leggy,2024-01-29,954,Tracy Bennett
1849,expel,2024-01-30,955,Tracy Bennett
1975,bulky,2024-01-31,956,Tracy Bennett
867,alive,2024-02-01,957,Tracy Bennett
1887,cleft,2024-02-02,958,Tracy Bennett
1250,micro,2024-02-03,959,Tracy Bennett
1637,verge,2024-02-04,960,Tracy Bennett
2145,repel,2024-02-05,961,Tracy Bennett
1017,which,2024-02-06,962,Tracy Bennett
1349,after,2024-02-07,963,Tracy Bennett
719,place,2024-02-08,964,Tracy Bennett
1893,stiff,2024-02-09,965,Tracy Bennett
2023,fried,2024-02-10,966,Tracy Bennett
1329,never,2024-02-11,967,Tracy Bennett
1776,pasta,2024-02-12,968,Tracy Bennett
2250,scram,2024-02-13,969,Tracy Bennett
1868,talon,2024-02-14,970,Tracy Bennett
1032,ascot,2024-02-15,971,Tracy Bennett
2201,stash,2024-02-16,972,Tracy Bennett
1148,psalm,2024-02-17,973,Tracy Bennett
738,ridge,2024-02-18,974,Tracy Bennett
604,price,2024-02-19,975,Tracy Bennett
2266,match,2024-02-20,976,Tracy Bennett
1139,build,2024-02-21,977,Tracy Bennett
1513,heavy,2024-02-22,978,Tracy Bennett
1666,apart,2024-02-23,979,Tracy Bennett
1500,piper,2024-02-24,980,Tracy Bennett
2065,smith,2024-02-25,981,Tracy Bennett
872,often,2024-02-26,982,Tracy Bennett
1716,sense,2024-02-27,983,Tracy Bennett
1959,devil,2024-02-28,984,Tracy Bennett
2125,image,2024-02-29,985,Tracy Bennett
1282,forty,2024-03-01,986,Tracy Bennett
1035,urban,2024-03-02,987,Tracy Bennett
2031,state,2024-03-03,988,Tracy Bennett
1778,flame,2024-03-04,989,Tracy Bennett
1543,hunch,2024-03-05,990,Tracy Bennett
1783,teary,2024-03-06,991,Tracy Bennett
2060,clone,2024-03-07,992,Tracy Bennett
1574,early,2024-03-08,993,Tracy Bennett
1681,cheer,2024-03-09,994,Tracy Bennett
2032,grasp,2024-03-10,995,Tracy Bennett
1482,pesky,2024-03-11,996,Tracy Bennett
1999,heave,2024-03-12,997,Tracy Bennett
1076,local,2024-03-13,998,Tracy Bennett
876,since,2024-03-14,999,Tracy Bennett
602,erupt,2024-03-15,1000,Tracy Bennett
705,toxin,2024-03-16,1001,Tracy Bennett
1367,snort,2024-03-17,1002,Tracy Bennett
600,spelt,2024-03-18,1003,Tracy Bennett
1038,abide,2024-03-19,1004,Tracy Bennett
1293,lingo,2024-03-20,1005,Tracy Bennett
632,shade,2024-03-21,1006,Tracy Bennett
731,decay,2024-03-22,1007,Tracy Bennett
582,risen,2024-03-23,1008,Tracy Bennett
1387,towel,2024-03-24,1009,Tracy Bennett
1449,sally,2024-03-25,1010,Tracy Bennett
1151,mayor,2024-03-26,1011,Tracy Bennett
812,stung,2024-03-27,1012,Tracy Bennett
2214,speak,2024-03-28,1013,Tracy Bennett
1119,realm,2024-03-29,1014,Tracy Bennett
1594,force,2024-03-30,1015,Tracy Bennett
1956,taboo,2024-03-31,1016,Tracy Bennett
1116,frond,2024-04-01,1017,Tracy Bennett
1178,serum,2024-04-02,1018,Tracy Bennett
2194,plait,2024-04-03,1019,Tracy Bennett
1654,climb,2024-04-04,1020,Tracy Bennett
858,wrist,2024-04-05,1021,Tracy Bennett
1078,finch,2024-04-06,1022,Tracy Bennett
1747,voila,2024-04-07,1023,Tracy Bennett
1309,breed,2024-04-08,1024,Tracy Bennett
1360,merge,2024-04-09,1025,Tracy Bennett
2149,broth,2024-04-10,1026,Tracy Bennett
516,louse,2024-04-11,1027,Tracy Bennett
1507,whiny,2024-04-12,1028,Tracy Bennett
1067,steel,2024-04-13,1029,Tracy Bennett
1313,blimp,2024-04-14,1030,Tracy Bennett
565,equip,2024-04-15,1031,Tracy Bennett
1014,shank,2024-04-16,1032,Tracy Bennett
1473,tithe,2024-04-17,1033,Tracy Bennett
1558,facet,2024-04-18,1034,Tracy Bennett
1643,raise,2024-04-19,1035,Tracy Bennett
1771,lucid,2024-04-20,1036,Tracy Bennett
859,jolly,2024-04-21,1037,Tracy Bennett
2321,laser,2024-04-22,1038,Tracy Bennett
843,rover,2024-04-23,1039,Tracy Bennett
1150,overt,2024-04-24,1040,Tracy Bennett
2243,intro,2024-04-25,1041,Tracy Bennett
1097,vapid,2024-04-26,1042,Tracy Bennett
1985,gleam,2024-04-27,1043,Tracy Bennett
1723,prune,2024-04-28,1044,Tracy Bennett
1767,craft,2024-04-29,1045,Tracy Bennett
1270,prowl,2024-04-30,1046,Tracy Bennett
1125,diary,2024-05-01,1047,Tracy Bennett
1602,slice,2024-05-02,1048,Tracy Bennett
1741,ebony,2024-05-03,1049,Tracy Bennett
1397,value,2024-05-04,1050,Tracy Bennett
1419,decal,2024-05-05,1051,Tracy Bennett
2287,shave,2024-05-06,1052,Tracy Bennett
531,musty,2024-05-07,1053,Tracy Bennett
2325,pious,2024-05-08,1054,Tracy Bennett
1382,jerky,2024-05-09,1055,Tracy Bennett
1335,media,2024-05-10,1056,Tracy Bennett
1444,tidal,2024-05-11,1057,Tracy Bennett
931,outer,2024-05-12,1058,Tracy Bennett
1304,cumin,2024-05-13,1059,Tracy Bennett
1044,amass,2024-05-14,1060,Tracy Bennett
2223,pinch,2024-05-15,1061,Tracy Bennett
1915,stall,2024-05-16,1062,Tracy Bennett
1047,tutor,2024-05-17,1063,Tracy Bennett
1671,briny,2024-05-18,1064,Tracy Bennett
1112,hitch,2024-05-19,1065,Tracy Bennett
700,nicer,2024-05-20,1066,Tracy Bennett
998,dingo,2024-05-21,1067,Tracy Bennett
702,exalt,2024-05-22,1068,Tracy Bennett
1285,swish,2024-05-23,1069,Tracy Bennett
1153,glide,2024-05-24,1070,Tracy Bennett
1770,titan,2024-05-25,1071,Tracy Bennett
1288,bevel,2024-05-26,1072,Tracy Bennett
1937,skier,2024-05-27,1073,Tracy Bennett
1768,minus,2024-05-28,1074,Tracy Bennett
1928,papal,2024-05-29,1075,Tracy Bennett
2179,gummy,2024-05-30,1076,Tracy Bennett
568,chaos,2024-05-31,1077,Tracy Bennett
802,basin,2024-06-01,1078,Tracy Bennett
811,bravo,2024-06-02,1079,Tracy Bennett
1952,stark,2024-06-03,1080,Tracy Bennett
1110,groom,2024-06-04,1081,Tracy Bennett
2254,organ,2024-06-05,1082,Tracy Bennett
1161,ether,2024-06-06,1083,Tracy Bennett
1744,melon,2024-06-07,1084,Tracy Bennett
2222,hence,2024-06-08,1085,Tracy Bennett
804,crowd,2024-06-09,1086,Tracy Bennett
575,manga,2024-06-10,1087,Tracy Bennett
1466,swung,2024-06-11,1088,Tracy Bennett
551,deter,2024-06-12,1089,Tracy Bennett
1100,angst,2024-06-13,1090,Tracy Bennett
518,vault,2024-06-14,1091,Tracy Bennett
1691,proud,2024-06-15,1092,Tracy Bennett
585,grind,2024-06-16,1093,Tracy Bennett
1869,prior,2024-06-17,1094,Tracy Bennett
866,cover,2024-06-18,1095,Tracy Bennett
1463,terse,2024-06-19,1096,Tracy Bennett
1523,scent,2024-06-20,1097,Tracy Bennett
1560,paint,2024-06-21,1098,Tracy Bennett
780,edict,2024-06-22,1099,Tracy Bennett
1435,bugle,2024-06-23,1100,Tracy Bennett
873,dolly,2024-06-24,1101,Tracy Bennett
1791,savor,2024-06-25,1102,Tracy Bennett
2161,knead,2024-06-26,1103,Tracy Bennett
1596,order,2024-06-27,1104,Tracy Bennett
1162,drove,2024-06-28,1105,Tracy Bennett
823,zebra,2024-06-29,1106,Tracy Bennett
797,buddy,2024-06-30,1107,Tracy Bennett
1073,adage,2024-07-01,1108,Tracy Bennett
708,inlay,2024-07-02,1109,Tracy Bennett
1970,thigh,2024-07-03,1110,Tracy Bennett
1595,debut,2024-07-04,1111,Tracy Bennett
1988,crush,2024-07-05,1112,Tracy Bennett
1726,scoff,2024-07-06,1113,Tracy Bennett
1174,canon,2024-07-07,1114,Tracy Bennett
1188,shape,2024-07-08,1115,Tracy Bennett
1588,blare,2024-07-09,1116,Tracy Bennett
1081,gaunt,2024-07-10,1117,Tracy Bennett
1647,cameo,2024-07-11,1118,Tracy Bennett
607,jiffy,2024-07-12,1119,Tracy Bennett
1083,enact,2024-07-13,1120,Tracy Bennett
